id,first_name,last_name,email,gender,ip_address
1,Gearard,Musicka,gmusicka0@gmpg.org,Male,194.137.97.135
2,Kennedy,Whewell,kwhewell1@baidu.com,Male,74.76.75.109
3,Fifi,Gravenell,fgravenell2@biblegateway.com,Female,145.164.112.69
4,Normie,Ivy,nivy3@blogs.com,Male,218.176.209.207
5,Sydney,Gutcher,sgutcher4@jalbum.net,Male,23.78.91.16
6,Maddie,Stang-Gjertsen,mstanggjertsen5@virginia.edu,Male,177.112.168.253
7,Izaak,Kennally,ikennally6@paypal.com,Male,189.103.228.140
8,Prentiss,Dowe,pdowe7@cornell.edu,Male,134.6.110.178
9,Penrod,Knapper,pknapper8@aol.com,Male,52.78.148.25
10,Herc,Wonter,hwonter9@biblegateway.com,Male,149.51.155.200
11,Reggis,Bulford,rbulforda@amazonaws.com,Male,177.36.42.177
12,Leicester,Lalor,llalorb@japanpost.jp,Male,36.96.215.13
13,Zebedee,Pound,zpoundc@vkontakte.ru,Male,25.169.103.179
14,Ella,Velasquez,evelasquezd@smugmug.com,Female,43.168.224.58
15,Roderic,Arniz,rarnize@wix.com,Male,59.161.129.44
16,Ora,Bartozzi,obartozzif@studiopress.com,Female,249.14.166.171
17,Andres,Plumbe,aplumbeg@ebay.com,Male,179.188.69.9
18,Ives,Savege,isavegeh@home.pl,Male,221.142.232.150
19,Guthrey,O'Quin,goquini@bizjournals.com,Male,128.163.197.121
20,Temp,Attarge,tattargej@si.edu,Male,26.132.243.147
